{
    "total_volume_cm3": 468.7035453745491,
    "total_weight_g": 463.15725670886275,
    "calories": 517.4007438813169,
    "protein": 8.403507230335633,
    "fat": 30.09784831849574,
    "carbs": 66.68109451927626,
    "fiber": 22.808540033542982,
    "sugars": 34.94879232368593,
    "food_items": [
        {
            "food_id": 37,
            "food_name": "orange",
            "volume_cm3": 260.135867896415,
            "weight_g": 252.33179185952253,
            "calories": 173.09960921563246,
            "protein": 3.204613756615936,
            "fat": 0.5298967629049973,
            "carbs": 44.30946265053215,
            "fiber": 7.771819189273295,
            "sugars": 30.02748323128318
        },
        {
            "food_id": 98,
            "food_name": "avocado",
            "volume_cm3": 101.4153287986541,
            "weight_g": 99.38702222268101,
            "calories": 319.6286634681421,
            "protein": 3.995358293351776,
            "fat": 29.289355449024093,
            "carbs": 17.04487431118979,
            "fiber": 13.387431893395133,
            "sugars": 1.3218473955616576
        },
        {
            "food_id": 41,
            "food_name": "tomato",
            "volume_cm3": 107.15234867948,
            "weight_g": 111.43844262665921,
            "calories": 24.67247119754235,
            "protein": 1.2035351803679195,
            "fat": 0.278596106566648,
            "carbs": 5.326757557554311,
            "fiber": 1.6492889508745563,
            "sugars": 3.599461696841092
        }
    ]
}