{
    "food_37": {
        "area_cm2": 490.8748958767181,
        "depth_mm": 26.47388810949163,
        "volume_cm3": 1299.5367069198587,
        "depth_min": 0.5892394632101059,
        "depth_max": 0.736585259437561
    },
    "food_98": {
        "area_cm2": 263.94536130778846,
        "depth_mm": 19.07698469644559,
        "volume_cm3": 503.52816183664817,
        "depth_min": 0.54153391122818,
        "depth_max": 0.6477107405662537
    },
    "food_41": {
        "area_cm2": 361.11125572678051,
        "depth_mm": 16.824095869432531,
        "volume_cm3": 538.9113694072881597,
        "depth_min": 0.6696662664413452,
        "depth_max": 0.7564086556434632
    }
}