{
    "total_volume_cm3": 2101.3834376571485,
    "total_weight_g": 2416.5909533057206,
    "calories": 1825.251147031811,
    "protein": 219.42645856015943,
    "fat": 115.75470666334402,
    "carbs": 25.85752320037121,
    "fiber": 21.990977675082057,
    "sugars": 15.707841196487184,
    "food_items": [
        {
            "food_id": 10,
            "food_name": "tofu",
            "volume_cm3": 2101.3834376571485,
            "weight_g": 2416.5909533057206,
            "calories": 1825.251147031811,
            "protein": 219.42645856015943,
            "fat": 115.75470666334402,
            "carbs": 25.85752320037121,
            "fiber": 21.990977675082057,
            "sugars": 15.707841196487184
        }
    ]
}