{
    "coin": {
        "detected": true,
        "area_cm2": 0.2827433388230814,
        "height_mm": 2.0,
        "volume_cm3": 0.056548667764616284,
        "pixel_radius": 30,
        "scale_factor": 0.1
    },
    "food_10": {
        "area_cm2": 216.47330000000005,
        "depth_mm": 97.07356231263385,
        "volume_cm3": 2101.3834376571485,
        "depth_min": 0.6477486610412597,
        "depth_max": 0.9855084657669068
    }
}